model,offset,trades,wins,losses,eod,wr_pct,net_usd,pf,max_dd,avg_dur_min,med_dur_min,avg_mae,sh_trades,sh_wr,sh_net,lg_trades,lg_wr,lg_net
A,0.0,365,315,50,0,86.3,11362.5,1.37,2287.5,24.6,8.2,15.69,190,85.8,5195.0,175,86.9,6167.5
A,1.0,362,314,48,0,86.7,12445.0,1.43,2022.5,22.7,7.0,14.66,188,85.6,4930.0,174,87.9,7515.0
A,2.0,357,312,45,0,87.4,14002.5,1.51,2155.0,21.6,6.3,14.12,184,86.4,5880.0,173,88.4,8122.5
A,3.0,355,308,47,0,86.8,12257.5,1.43,2817.5,20.5,7.0,13.24,183,86.9,6487.5,172,86.6,5770.0
A,4.0,354,306,48,0,86.4,11385.0,1.39,2817.5,18.9,5.5,12.13,183,85.8,5007.5,171,87.1,6377.5
A,5.0,342,295,47,0,86.3,10535.0,1.37,3082.5,19.2,5.6,12.52,180,85.6,4610.0,162,87.0,5925.0
A,6.0,339,290,49,0,85.5,8657.5,1.29,3822.5,18.3,6.0,12.54,178,84.3,2865.0,161,87.0,5792.5
A,7.0,330,280,50,0,84.8,6725.0,1.22,3480.0,18.9,7.0,13.21,173,85.5,4422.5,157,84.1,2302.5
A,8.0,323,271,52,0,83.9,4317.5,1.14,3480.0,18.3,6.9,13.11,167,85.0,3627.5,156,82.7,690.0
A,10.0,318,267,51,0,84.0,4395.0,1.14,3635.0,17.3,6.6,12.61,165,85.5,4102.5,153,82.4,292.5
A,12.0,306,259,47,0,84.6,5765.0,1.2,3005.0,16.9,5.9,12.91,159,83.6,1827.5,147,85.7,3937.5
A,15.0,293,246,47,0,84.0,4042.5,1.14,3902.5,17.1,6.3,14.04,152,80.9,-1320.0,141,87.2,5362.5
B,0.0,365,315,50,0,86.3,11362.5,1.37,2287.5,24.6,8.2,15.69,190,85.8,5195.0,175,86.9,6167.5
B,1.0,362,316,46,0,87.3,10765.0,1.39,2282.5,20.0,5.7,13.83,188,86.2,4050.0,174,88.5,6715.0
B,2.0,357,316,41,0,88.5,10642.5,1.43,2070.0,18.3,4.7,13.02,184,88.0,4860.0,173,89.0,5782.5
B,3.0,355,315,40,0,88.7,7987.5,1.33,2707.5,14.8,3.9,11.7,183,89.6,5267.5,172,87.8,2720.0
B,4.0,354,318,36,0,89.8,7545.0,1.34,2917.5,12.1,2.8,10.36,183,89.6,3627.5,171,90.1,3917.5
B,5.0,342,310,32,0,90.6,6135.0,1.32,2947.5,10.6,2.4,10.07,180,90.6,3120.0,162,90.7,3015.0
B,6.0,339,310,29,0,91.4,4857.5,1.28,3302.5,9.2,1.9,9.12,178,89.3,-15.0,161,93.8,4872.5
B,7.0,330,303,27,0,91.8,2535.0,1.15,3630.0,7.8,1.6,9.25,173,89.6,-1247.5,157,94.3,3782.5
B,8.0,323,300,23,0,92.9,1777.5,1.13,2580.0,6.7,1.4,8.28,167,91.0,-1132.5,156,94.9,2910.0
B,10.0,318,304,14,0,95.6,1375.0,1.16,1975.0,3.2,0.5,6.21,165,92.7,-2317.5,153,98.7,3692.5
B,12.0,306,296,10,0,96.7,3545.0,1.58,1825.0,4.9,0.4,6.97,159,95.6,687.5,147,98.0,2857.5
B,15.0,293,277,16,0,94.5,-717.5,0.93,3722.5,4.7,0.5,7.56,152,92.8,-2100.0,141,96.5,1382.5
C,0.0,365,315,50,0,86.3,11362.5,1.37,2287.5,24.6,8.2,15.69,190,85.8,5195.0,175,86.9,6167.5
C,1.0,362,313,49,0,86.5,14835.0,1.5,2190.0,24.6,9.0,15.14,188,85.6,6540.0,174,87.4,8295.0
C,2.0,357,309,48,0,86.6,17962.5,1.62,2270.0,25.5,10.9,15.18,184,85.9,8300.0,173,87.3,9662.5
C,3.0,355,301,54,0,84.8,16107.5,1.49,3270.0,26.3,12.4,14.95,183,84.7,8177.5,172,84.9,7930.0
C,4.0,354,295,59,0,83.3,15045.0,1.42,3840.0,26.9,12.5,14.66,183,82.0,5827.5,171,84.8,9217.5
C,5.0,342,283,59,0,82.7,15805.0,1.44,4005.0,28.9,13.7,15.16,180,81.1,5990.0,162,84.6,9815.0
C,6.0,339,277,62,0,81.7,15657.5,1.42,3825.0,30.3,14.4,15.46,178,79.8,5465.0,161,83.9,10192.5
C,7.0,330,264,66,0,80.0,13365.0,1.33,3645.0,31.9,17.1,16.63,173,79.8,6682.5,157,80.3,6682.5
C,8.0,323,254,69,0,78.6,12057.5,1.29,3525.0,32.9,18.3,17.01,167,78.4,5967.5,156,78.8,6090.0
C,10.0,318,248,70,0,78.0,15135.0,1.36,4125.0,33.4,18.1,16.91,165,78.8,8962.5,153,77.1,6172.5
C,12.0,306,236,70,0,77.1,17065.0,1.4,4315.0,36.2,21.6,17.31,159,78.0,10047.5,147,76.2,7017.5
C,15.0,293,215,77,1,73.4,13942.5,1.3,4705.0,37.5,23.7,18.58,152,72.4,6150.0,141,74.5,7792.5
